<?xml version="1.0" encoding="UTF-8"?>
<DEFECTS>
  <DEFECT>
    <SFA>
      <FILEPATH>C:\Users\vas\source\repos\oib4 guard what\oib4 guard what\</FILEPATH>
      <FILENAME>oib4 guard what.cpp</FILENAME>
      <LINE>32</LINE>
      <COLUMN>6</COLUMN>
    </SFA>
    <DEFECTCODE>6031</DEFECTCODE>
    <DESCRIPTION>Возвращаемое значение пропущено: "scanf".</DESCRIPTION>
    <FUNCTION>main</FUNCTION>
    <DECORATED>main</DECORATED>
    <FUNCLINE>23</FUNCLINE>
    <PATH></PATH>
  </DEFECT>
</DEFECTS>